5;0;249.5
10;0;249.5
15;0;249.5
20;0;249.5
25;0;249.5
30;0;249.5
35;0;249.5
40;0;249.5
45;0;249.5
50;0;249.5
55;0;249.5
60;0;249.5
65;0;249.5
70;0;249.5
75;0;237.4
80;0;237.4
85;0;237.4
90;0;237.4
95;0;236.5
100;0;236.5
105;0;236.5
110;0;236.5
115;0;236.5
120;0;236.5
125;0;236.5
130;0;236.5
135;0;236.5
140;0;236.5
145;0;236.5
150;0;236.5
155;0;236.5
160;0;236.5
165;0;236.5
170;0;236.5
175;0;236.5
180;0;236.5
185;0;236.5
190;0;236.5
195;0;236.5
200;0;236.5
205;0;236.5
210;0;236.5
215;0;236.5
220;0;236.5
225;0;236.5
230;0;236.5
235;0;236.5
240;0;236.5
245;0;236.5
250;0;236.5
255;0;236.5
260;0;236.5
265;0;236.5
270;0;236.5
275;0;236.5
280;0;236.5
285;0;236.5
290;0;236.5
295;0;236.5
300;0;236.5
305;0;236.5
310;0;236.5
315;0;236.5
320;0;236.5
325;0;236.5
330;0;236.5
335;0;236.5
340;0;236.5
345;0;236.5
350;0;236.5
355;0;236.5
360;0;236.5
365;0;236.5
370;0;236.5
375;0;236.5
380;0;236.5
385;0;236.5
390;0;236.5
395;0;236.5
400;0;236.5
405;0;236.5
410;0;236.5
415;0;236.5
420;0;236.5
425;0;236.5
430;0;236.5
435;0;236.5
440;0;236.5
445;0;236.5
450;0;236.5
455;0;236.5
460;0;236.5
465;0;236.5
470;0;236.5
475;0;236.5
480;0;236.5
485;0;236.5
490;0;236.5
495;0;236.5
500;0;236.5
505;0;236.5
510;0;236.5
515;0;236.5
520;0;236.5
525;0;236.5
530;0;236.5
535;0;236.5
540;0;236.5
545;0;236.5
550;0;236.5
555;0;236.5
560;0;236.5
565;0;236.5
570;0;236.5
575;0;236.5
580;0;236.5
585;0;236.5
590;0;236.5
595;0;236.5
600;0;236.5
605;0;236.5
610;0;236.5
615;0;236.5
620;0;236.5
625;0;236.5
630;0;236.5
635;0;236.5
640;0;236.5
645;0;236.5
650;0;236.5
655;0;236.5
660;0;236.5
665;0;236.5
670;0;236.5
675;0;236.5
680;0;236.5
685;0;236.5
690;0;236.5
695;0;236.5
700;0;236.5
705;0;236.5
710;0;236.5
715;0;236.5
720;0;236.5
725;0;236.5
730;0;236.5
735;0;236.5
740;0;236.5
745;0;236.5
750;0;236.5
755;0;236.5
760;0;236.5
765;0;236.5
770;0;236.5
775;0;236.5
780;0;236.5
785;0;236.5
790;0;236.5
795;0;236.5
800;0;236.5
805;0;236.5
810;0;236.5
815;0;236.5
820;0;236.5
825;0;236.5
830;0;236.5
835;0;236.5
840;0;236.5
845;0;236.5
850;0;236.5
855;0;236.5
860;0;236.5
865;0;236.5
870;0;236.5
875;0;236.5
880;0;236.5
885;0;236.5
890;0;236.5
895;0;236.5
900;0;236.5
905;0;236.5
910;0;236.5
915;0;236.5
920;0;236.5
925;0;236.5
930;0;236.5
935;0;236.5
940;0;236.5
945;0;236.5
950;0;236.5
955;0;236.5
960;0;236.5
965;0;236.5
970;0;236.5
975;0;236.5
980;0;236.5
985;0;236.5
990;0;236.5
995;0;236.5
1000;0;236.5

5;1;247.8
10;1;247.8
15;1;242.6
20;1;242.6
25;1;242.6
30;1;242.6
35;1;242.6
40;1;242.6
45;1;209.9
50;1;209.9
55;1;209.9
60;1;209.9
65;1;209.9
70;1;204.1
75;1;204.1
80;1;204.1
85;1;204.1
90;1;204.1
95;1;204.1
100;1;204.1
105;1;204.1
110;1;204.1
115;1;204.1
120;1;204.1
125;1;204.1
130;1;204.1
135;1;204.1
140;1;204.1
145;1;204.1
150;1;204.1
155;1;204.1
160;1;204.1
165;1;204.1
170;1;204.1
175;1;204.1
180;1;204.1
185;1;204.1
190;1;204.1
195;1;204.1
200;1;204.1
205;1;204.1
210;1;204.1
215;1;204.1
220;1;204.1
225;1;204.1
230;1;204.1
235;1;204.1
240;1;204.1
245;1;204.1
250;1;204.1
255;1;204.1
260;1;204.1
265;1;204.1
270;1;204.1
275;1;204.1
280;1;204.1
285;1;204.1
290;1;204.1
295;1;204.1
300;1;204.1
305;1;204.1
310;1;204.1
315;1;204.1
320;1;204.1
325;1;204.1
330;1;204.1
335;1;204.1
340;1;204.1
345;1;204.1
350;1;204.1
355;1;204.1
360;1;204.1
365;1;204.1
370;1;204.1
375;1;204.1
380;1;204.1
385;1;204.1
390;1;204.1
395;1;204.1
400;1;204.1
405;1;204.1
410;1;204.1
415;1;204.1
420;1;204.1
425;1;204.1
430;1;204.1
435;1;204.1
440;1;204.1
445;1;204.1
450;1;204.1
455;1;204.1
460;1;204.1
465;1;204.1
470;1;204.1
475;1;204.1
480;1;204.1
485;1;204.1
490;1;204.1
495;1;204.1
500;1;204.1
505;1;204.1
510;1;204.1
515;1;204.1
520;1;204.1
525;1;204.1
530;1;204.1
535;1;204.1
540;1;204.1
545;1;204.1
550;1;204.1
555;1;204.1
560;1;204.1
565;1;204.1
570;1;204.1
575;1;204.1
580;1;204.1
585;1;204.1
590;1;204.1
595;1;204.1
600;1;204.1
605;1;204.1
610;1;204.1
615;1;204.1
620;1;204.1
625;1;204.1
630;1;204.1
635;1;204.1
640;1;204.1
645;1;204.1
650;1;204.1
655;1;204.1
660;1;204.1
665;1;204.1
670;1;204.1
675;1;204.1
680;1;204.1
685;1;204.1
690;1;204.1
695;1;204.1
700;1;204.1
705;1;204.1
710;1;204.1
715;1;204.1
720;1;204.1
725;1;204.1
730;1;204.1
735;1;204.1
740;1;204.1
745;1;204.1
750;1;204.1
755;1;204.1
760;1;204.1
765;1;204.1
770;1;204.1
775;1;204.1
780;1;204.1
785;1;204.1
790;1;204.1
795;1;204.1
800;1;204.1
805;1;204.1
810;1;204.1
815;1;204.1
820;1;204.1
825;1;204.1
830;1;204.1
835;1;204.1
840;1;204.1
845;1;204.1
850;1;204.1
855;1;204.1
860;1;204.1
865;1;204.1
870;1;204.1
875;1;204.1
880;1;204.1
885;1;204.1
890;1;204.1
895;1;204.1
900;1;204.1
905;1;204.1
910;1;204.1
915;1;204.1
920;1;204.1
925;1;204.1
930;1;204.1
935;1;204.1
940;1;204.1
945;1;204.1
950;1;204.1
955;1;204.1
960;1;204.1
965;1;204.1
970;1;204.1
975;1;204.1
980;1;204.1
985;1;204.1
990;1;204.1
995;1;204.1
1000;1;204.1

5;2;223.2
10;2;219.3
15;2;219.3
20;2;219.3
25;2;219.3
30;2;219.3
35;2;219.3
40;2;219.3
45;2;219.3
50;2;219.3
55;2;219.3
60;2;219.3
65;2;219.3
70;2;219.3
75;2;203.6
80;2;203.6
85;2;203.6
90;2;203.6
95;2;203.6
100;2;203.6
105;2;203.6
110;2;203.6
115;2;203.6
120;2;203.6
125;2;203.6
130;2;203.6
135;2;203.6
140;2;203.6
145;2;203.6
150;2;203.6
155;2;203.6
160;2;203.6
165;2;203.6
170;2;203.6
175;2;203.6
180;2;203.6
185;2;203.6
190;2;203.6
195;2;203.6
200;2;203.6
205;2;203.6
210;2;203.6
215;2;203.6
220;2;203.6
225;2;203.6
230;2;203.6
235;2;203.6
240;2;203.6
245;2;203.6
250;2;203.6
255;2;203.6
260;2;203.6
265;2;203.6
270;2;203.6
275;2;203.6
280;2;203.6
285;2;203.6
290;2;203.6
295;2;203.6
300;2;203.6
305;2;203.6
310;2;203.6
315;2;203.6
320;2;203.6
325;2;203.6
330;2;203.6
335;2;203.6
340;2;203.6
345;2;203.6
350;2;203.6
355;2;203.6
360;2;203.6
365;2;203.6
370;2;203.6
375;2;203.6
380;2;203.6
385;2;203.6
390;2;203.6
395;2;203.6
400;2;203.6
405;2;203.6
410;2;203.6
415;2;203.6
420;2;203.6
425;2;203.6
430;2;203.6
435;2;203.6
440;2;203.6
445;2;203.6
450;2;203.6
455;2;203.6
460;2;203.6
465;2;203.6
470;2;203.6
475;2;203.6
480;2;203.6
485;2;203.6
490;2;203.6
495;2;203.6
500;2;203.6
505;2;203.6
510;2;203.6
515;2;203.6
520;2;203.6
525;2;203.6
530;2;203.6
535;2;203.6
540;2;203.6
545;2;203.6
550;2;203.6
555;2;203.6
560;2;203.6
565;2;203.6
570;2;203.6
575;2;203.6
580;2;203.6
585;2;203.6
590;2;203.6
595;2;203.6
600;2;203.6
605;2;203.6
610;2;203.6
615;2;203.6
620;2;203.6
625;2;203.6
630;2;203.6
635;2;203.6
640;2;203.6
645;2;203.6
650;2;203.6
655;2;203.6
660;2;203.6
665;2;203.6
670;2;203.6
675;2;203.6
680;2;203.6
685;2;203.6
690;2;203.6
695;2;203.6
700;2;203.6
705;2;203.6
710;2;203.6
715;2;203.6
720;2;203.6
725;2;203.6
730;2;203.6
735;2;203.6
740;2;203.6
745;2;203.6
750;2;203.6
755;2;203.6
760;2;203.6
765;2;203.6
770;2;203.6
775;2;203.6
780;2;203.6
785;2;203.6
790;2;203.6
795;2;203.6
800;2;203.6
805;2;203.6
810;2;203.6
815;2;203.6
820;2;203.6
825;2;203.6
830;2;203.6
835;2;203.6
840;2;203.6
845;2;203.6
850;2;203.6
855;2;203.6
860;2;203.6
865;2;203.6
870;2;203.6
875;2;203.6
880;2;203.6
885;2;203.6
890;2;203.6
895;2;203.6
900;2;203.6
905;2;203.6
910;2;203.6
915;2;203.6
920;2;203.6
925;2;203.6
930;2;203.6
935;2;203.6
940;2;203.6
945;2;203.6
950;2;203.6
955;2;203.6
960;2;203.6
965;2;203.6
970;2;203.6
975;2;203.6
980;2;203.6
985;2;203.6
990;2;203.6
995;2;203.6
1000;2;203.6

5;3;282.5
10;3;268.4
15;3;266.9
20;3;266.9
25;3;263.3
30;3;253.8
35;3;253.8
40;3;235.3
45;3;235.3
50;3;235.3
55;3;235.3
60;3;235.3
65;3;235.3
70;3;235.3
75;3;235.3
80;3;235.3
85;3;235.3
90;3;235.3
95;3;235.3
100;3;235.3
105;3;216.3
110;3;216.3
115;3;216.3
120;3;216.3
125;3;216.3
130;3;216.3
135;3;216.3
140;3;216.3
145;3;216.3
150;3;216.3
155;3;216.3
160;3;216.3
165;3;216.3
170;3;216.3
175;3;216.3
180;3;216.3
185;3;216.3
190;3;198.3
195;3;198.3
200;3;198.3
205;3;198.3
210;3;198.3
215;3;198.3
220;3;198.3
225;3;198.3
230;3;198.3
235;3;198.3
240;3;198.3
245;3;198.3
250;3;198.3
255;3;198.3
260;3;198.3
265;3;198.3
270;3;198.3
275;3;198.3
280;3;198.3
285;3;198.3
290;3;198.3
295;3;198.3
300;3;198.3
305;3;198.3
310;3;198.3
315;3;198.3
320;3;198.3
325;3;198.3
330;3;198.3
335;3;198.3
340;3;198.3
345;3;198.3
350;3;198.3
355;3;198.3
360;3;198.3
365;3;198.3
370;3;198.3
375;3;198.3
380;3;198.3
385;3;198.3
390;3;193.9
395;3;193.9
400;3;192.9
405;3;192.9
410;3;192.9
415;3;192.9
420;3;192.9
425;3;192.9
430;3;192.9
435;3;192.9
440;3;192.9
445;3;192.9
450;3;192.9
455;3;192.9
460;3;192.9
465;3;192.9
470;3;192.9
475;3;192.9
480;3;192.9
485;3;192.9
490;3;192.9
495;3;192.9
500;3;192.9
505;3;192.9
510;3;192.9
515;3;192.9
520;3;192.9
525;3;192.9
530;3;192.9
535;3;192.9
540;3;192.9
545;3;192.9
550;3;192.9
555;3;192.9
560;3;192.9
565;3;192.9
570;3;192.9
575;3;192.9
580;3;192.9
585;3;192.9
590;3;192.9
595;3;192.9
600;3;192.9
605;3;192.9
610;3;192.9
615;3;192.9
620;3;192.9
625;3;192.9
630;3;192.9
635;3;192.9
640;3;192.9
645;3;192.9
650;3;192.9
655;3;192.9
660;3;192.9
665;3;192.9
670;3;192.9
675;3;192.9
680;3;192.9
685;3;192.9
690;3;192.9
695;3;192.9
700;3;192.9
705;3;192.9
710;3;192.9
715;3;192.9
720;3;192.9
725;3;192.9
730;3;192.9
735;3;192.9
740;3;192.9
745;3;192.9
750;3;192.9
755;3;192.9
760;3;192.9
765;3;192.9
770;3;192.9
775;3;192.9
780;3;192.9
785;3;192.9
790;3;192.9
795;3;192.9
800;3;192.9
805;3;192.9
810;3;192.9
815;3;186.7
820;3;186.7
825;3;186.7
830;3;186.7
835;3;186.7
840;3;186.7
845;3;186.7
850;3;186.7
855;3;186.7
860;3;186.7
865;3;186.7
870;3;186.7
875;3;186.7
880;3;186.7
885;3;186.7
890;3;186.7
895;3;186.7
900;3;186.7
905;3;186.7
910;3;186.7
915;3;186.7
920;3;186.7
925;3;186.7
930;3;186.7
935;3;186.7
940;3;186.7
945;3;186.7
950;3;186.7
955;3;186.7
960;3;186.7
965;3;186.7
970;3;186.7
975;3;186.7
980;3;186.7
985;3;186.7
990;3;186.7
995;3;186.7
1000;3;186.7

5;4;227.9
10;4;227.9
15;4;227.9
20;4;227.9
25;4;227.9
30;4;227.9
35;4;227.9
40;4;227.9
45;4;227.9
50;4;227.9
55;4;227.9
60;4;227.9
65;4;227.9
70;4;227.9
75;4;227.9
80;4;227.9
85;4;227.9
90;4;227.9
95;4;227.9
100;4;227.9
105;4;227.9
110;4;227.9
115;4;227.9
120;4;227.9
125;4;227.9
130;4;227.9
135;4;227.9
140;4;227.9
145;4;227.9
150;4;227.9
155;4;227.9
160;4;227.9
165;4;227.9
170;4;227.9
175;4;227.9
180;4;227.9
185;4;227.9
190;4;227.9
195;4;227.9
200;4;227.9
205;4;227.9
210;4;227.9
215;4;227.9
220;4;227.9
225;4;227.9
230;4;227.9
235;4;227.9
240;4;227.9
245;4;227.9
250;4;227.9
255;4;227.9
260;4;227.9
265;4;227.9
270;4;227.9
275;4;227.9
280;4;227.9
285;4;227.9
290;4;227.9
295;4;227.9
300;4;227.9
305;4;227.9
310;4;227.9
315;4;227.9
320;4;227.9
325;4;227.9
330;4;227.9
335;4;227.9
340;4;227.9
345;4;227.9
350;4;227.9
355;4;227.9
360;4;227.9
365;4;227.9
370;4;227.9
375;4;227.9
380;4;227.9
385;4;227.9
390;4;227.9
395;4;227.9
400;4;227.9
405;4;227.9
410;4;227.9
415;4;227.9
420;4;227.9
425;4;227.9
430;4;227.9
435;4;227.9
440;4;227.9
445;4;227.9
450;4;227.9
455;4;227.9
460;4;227.9
465;4;227.9
470;4;227.9
475;4;227.9
480;4;227.9
485;4;227.9
490;4;227.9
495;4;227.9
500;4;227.9
505;4;227.9
510;4;227.9
515;4;227.9
520;4;227.9
525;4;227.9
530;4;227.9
535;4;227.9
540;4;227.9
545;4;227.9
550;4;227.9
555;4;227.9
560;4;227.9
565;4;227.9
570;4;227.9
575;4;227.9
580;4;227.9
585;4;227.9
590;4;227.9
595;4;227.9
600;4;227.9
605;4;227.9
610;4;227.9
615;4;227.9
620;4;227.9
625;4;227.9
630;4;227.9
635;4;227.9
640;4;227.9
645;4;227.9
650;4;227.9
655;4;227.9
660;4;227.9
665;4;227.9
670;4;227.9
675;4;227.9
680;4;227.9
685;4;227.9
690;4;227.9
695;4;227.9
700;4;227.9
705;4;227.9
710;4;227.9
715;4;227.9
720;4;227.9
725;4;227.9
730;4;227.9
735;4;227.9
740;4;227.9
745;4;227.9
750;4;227.9
755;4;227.9
760;4;227.9
765;4;227.9
770;4;227.9
775;4;227.9
780;4;227.9
785;4;227.9
790;4;227.9
795;4;227.9
800;4;227.9
805;4;227.9
810;4;227.9
815;4;227.9
820;4;227.9
825;4;227.9
830;4;227.9
835;4;227.9
840;4;227.9
845;4;227.9
850;4;227.9
855;4;227.9
860;4;227.9
865;4;227.9
870;4;227.9
875;4;227.9
880;4;227.9
885;4;227.9
890;4;227.9
895;4;227.9
900;4;227.9
905;4;227.9
910;4;227.9
915;4;227.9
920;4;227.9
925;4;227.9
930;4;227.9
935;4;227.9
940;4;227.9
945;4;227.9
950;4;227.9
955;4;227.9
960;4;227.9
965;4;227.9
970;4;227.9
975;4;227.9
980;4;227.9
985;4;227.9
990;4;227.9
995;4;227.9
1000;4;227.9

5;5;282.6
10;5;263.6
15;5;263.6
20;5;263.6
25;5;263.6
30;5;263.6
35;5;263.6
40;5;218.0
45;5;218.0
50;5;218.0
55;5;218.0
60;5;218.0
65;5;218.0
70;5;218.0
75;5;218.0
80;5;218.0
85;5;218.0
90;5;218.0
95;5;218.0
100;5;218.0
105;5;218.0
110;5;218.0
115;5;218.0
120;5;218.0
125;5;218.0
130;5;218.0
135;5;218.0
140;5;218.0
145;5;218.0
150;5;218.0
155;5;218.0
160;5;218.0
165;5;218.0
170;5;218.0
175;5;218.0
180;5;218.0
185;5;218.0
190;5;218.0
195;5;218.0
200;5;218.0
205;5;218.0
210;5;218.0
215;5;218.0
220;5;218.0
225;5;218.0
230;5;218.0
235;5;218.0
240;5;218.0
245;5;218.0
250;5;218.0
255;5;218.0
260;5;218.0
265;5;218.0
270;5;218.0
275;5;218.0
280;5;218.0
285;5;218.0
290;5;218.0
295;5;218.0
300;5;218.0
305;5;218.0
310;5;218.0
315;5;218.0
320;5;218.0
325;5;218.0
330;5;218.0
335;5;218.0
340;5;218.0
345;5;218.0
350;5;218.0
355;5;218.0
360;5;218.0
365;5;218.0
370;5;218.0
375;5;218.0
380;5;218.0
385;5;218.0
390;5;218.0
395;5;218.0
400;5;218.0
405;5;218.0
410;5;218.0
415;5;218.0
420;5;218.0
425;5;218.0
430;5;218.0
435;5;218.0
440;5;218.0
445;5;218.0
450;5;218.0
455;5;218.0
460;5;218.0
465;5;218.0
470;5;218.0
475;5;218.0
480;5;218.0
485;5;218.0
490;5;218.0
495;5;218.0
500;5;218.0
505;5;218.0
510;5;218.0
515;5;218.0
520;5;218.0
525;5;218.0
530;5;218.0
535;5;218.0
540;5;218.0
545;5;218.0
550;5;218.0
555;5;218.0
560;5;218.0
565;5;218.0
570;5;218.0
575;5;218.0
580;5;218.0
585;5;218.0
590;5;218.0
595;5;218.0
600;5;218.0
605;5;218.0
610;5;218.0
615;5;218.0
620;5;218.0
625;5;218.0
630;5;218.0
635;5;218.0
640;5;218.0
645;5;218.0
650;5;218.0
655;5;218.0
660;5;218.0
665;5;218.0
670;5;218.0
675;5;218.0
680;5;218.0
685;5;218.0
690;5;218.0
695;5;218.0
700;5;218.0
705;5;218.0
710;5;218.0
715;5;218.0
720;5;218.0
725;5;218.0
730;5;218.0
735;5;218.0
740;5;218.0
745;5;218.0
750;5;218.0
755;5;218.0
760;5;218.0
765;5;218.0
770;5;218.0
775;5;218.0
780;5;218.0
785;5;218.0
790;5;218.0
795;5;218.0
800;5;218.0
805;5;218.0
810;5;218.0
815;5;218.0
820;5;218.0
825;5;218.0
830;5;218.0
835;5;218.0
840;5;218.0
845;5;218.0
850;5;218.0
855;5;218.0
860;5;218.0
865;5;218.0
870;5;218.0
875;5;218.0
880;5;198.3
885;5;198.3
890;5;198.3
895;5;198.3
900;5;198.3
905;5;198.3
910;5;198.3
915;5;198.3
920;5;198.3
925;5;198.3
930;5;198.3
935;5;198.3
940;5;198.3
945;5;198.3
950;5;198.3
955;5;198.3
960;5;198.3
965;5;198.3
970;5;198.3
975;5;198.3
980;5;198.3
985;5;198.3
990;5;198.3
995;5;198.3
1000;5;198.3

5;6;284.2
10;6;284.2
15;6;284.2
20;6;284.2
25;6;284.2
30;6;284.2
35;6;284.2
40;6;284.2
45;6;284.2
50;6;284.2
55;6;284.2
60;6;284.2
65;6;284.2
70;6;234.0
75;6;234.0
80;6;234.0
85;6;234.0
90;6;234.0
95;6;234.0
100;6;234.0
105;6;234.0
110;6;234.0
115;6;234.0
120;6;234.0
125;6;234.0
130;6;234.0
135;6;234.0
140;6;234.0
145;6;234.0
150;6;234.0
155;6;234.0
160;6;234.0
165;6;234.0
170;6;234.0
175;6;234.0
180;6;234.0
185;6;234.0
190;6;234.0
195;6;234.0
200;6;234.0
205;6;234.0
210;6;234.0
215;6;234.0
220;6;234.0
225;6;234.0
230;6;234.0
235;6;234.0
240;6;234.0
245;6;234.0
250;6;234.0
255;6;234.0
260;6;234.0
265;6;234.0
270;6;234.0
275;6;234.0
280;6;234.0
285;6;234.0
290;6;234.0
295;6;234.0
300;6;234.0
305;6;234.0
310;6;234.0
315;6;234.0
320;6;234.0
325;6;234.0
330;6;234.0
335;6;234.0
340;6;234.0
345;6;234.0
350;6;234.0
355;6;234.0
360;6;234.0
365;6;234.0
370;6;234.0
375;6;234.0
380;6;234.0
385;6;234.0
390;6;234.0
395;6;234.0
400;6;234.0
405;6;234.0
410;6;234.0
415;6;234.0
420;6;234.0
425;6;234.0
430;6;234.0
435;6;234.0
440;6;234.0
445;6;234.0
450;6;234.0
455;6;234.0
460;6;234.0
465;6;234.0
470;6;234.0
475;6;234.0
480;6;234.0
485;6;234.0
490;6;234.0
495;6;234.0
500;6;234.0
505;6;234.0
510;6;234.0
515;6;234.0
520;6;234.0
525;6;234.0
530;6;234.0
535;6;234.0
540;6;234.0
545;6;234.0
550;6;234.0
555;6;234.0
560;6;234.0
565;6;234.0
570;6;234.0
575;6;234.0
580;6;234.0
585;6;234.0
590;6;234.0
595;6;234.0
600;6;234.0
605;6;234.0
610;6;234.0
615;6;234.0
620;6;234.0
625;6;234.0
630;6;234.0
635;6;234.0
640;6;234.0
645;6;234.0
650;6;234.0
655;6;234.0
660;6;234.0
665;6;234.0
670;6;234.0
675;6;234.0
680;6;234.0
685;6;234.0
690;6;234.0
695;6;234.0
700;6;234.0
705;6;234.0
710;6;234.0
715;6;234.0
720;6;234.0
725;6;234.0
730;6;234.0
735;6;234.0
740;6;234.0
745;6;234.0
750;6;234.0
755;6;234.0
760;6;234.0
765;6;234.0
770;6;234.0
775;6;234.0
780;6;234.0
785;6;234.0
790;6;234.0
795;6;234.0
800;6;234.0
805;6;234.0
810;6;234.0
815;6;234.0
820;6;234.0
825;6;234.0
830;6;234.0
835;6;234.0
840;6;234.0
845;6;234.0
850;6;234.0
855;6;234.0
860;6;234.0
865;6;234.0
870;6;234.0
875;6;234.0
880;6;234.0
885;6;234.0
890;6;234.0
895;6;234.0
900;6;234.0
905;6;234.0
910;6;234.0
915;6;234.0
920;6;234.0
925;6;234.0
930;6;234.0
935;6;234.0
940;6;234.0
945;6;234.0
950;6;234.0
955;6;234.0
960;6;234.0
965;6;234.0
970;6;234.0
975;6;234.0
980;6;234.0
985;6;234.0
990;6;234.0
995;6;234.0
1000;6;234.0

5;7;231.5
10;7;231.5
15;7;231.5
20;7;230.5
25;7;230.5
30;7;230.5
35;7;230.5
40;7;230.5
45;7;230.5
50;7;230.5
55;7;230.5
60;7;230.5
65;7;230.5
70;7;230.5
75;7;230.5
80;7;226.6
85;7;219.3
90;7;219.3
95;7;219.3
100;7;219.3
105;7;219.3
110;7;219.3
115;7;219.3
120;7;219.3
125;7;219.3
130;7;219.3
135;7;219.3
140;7;219.3
145;7;219.3
150;7;219.3
155;7;219.3
160;7;219.3
165;7;219.3
170;7;219.3
175;7;219.3
180;7;219.3
185;7;219.3
190;7;219.3
195;7;219.3
200;7;219.3
205;7;219.3
210;7;219.3
215;7;219.3
220;7;219.3
225;7;219.3
230;7;219.3
235;7;219.3
240;7;219.3
245;7;219.3
250;7;219.3
255;7;219.3
260;7;219.3
265;7;219.3
270;7;219.3
275;7;219.3
280;7;219.3
285;7;219.3
290;7;219.3
295;7;219.3
300;7;219.3
305;7;219.3
310;7;219.3
315;7;219.3
320;7;219.3
325;7;219.3
330;7;219.3
335;7;219.3
340;7;219.3
345;7;219.3
350;7;219.3
355;7;219.3
360;7;219.3
365;7;219.3
370;7;219.3
375;7;219.3
380;7;219.3
385;7;219.3
390;7;219.3
395;7;219.3
400;7;219.3
405;7;219.3
410;7;219.3
415;7;219.3
420;7;219.3
425;7;219.3
430;7;219.3
435;7;219.3
440;7;219.3
445;7;219.3
450;7;219.3
455;7;219.3
460;7;219.3
465;7;219.3
470;7;219.3
475;7;219.3
480;7;219.3
485;7;219.3
490;7;219.3
495;7;219.3
500;7;219.3
505;7;219.3
510;7;219.3
515;7;219.3
520;7;219.3
525;7;219.3
530;7;214.0
535;7;214.0
540;7;214.0
545;7;214.0
550;7;214.0
555;7;214.0
560;7;214.0
565;7;214.0
570;7;214.0
575;7;214.0
580;7;214.0
585;7;214.0
590;7;214.0
595;7;214.0
600;7;214.0
605;7;214.0
610;7;214.0
615;7;214.0
620;7;214.0
625;7;214.0
630;7;214.0
635;7;214.0
640;7;214.0
645;7;214.0
650;7;214.0
655;7;214.0
660;7;214.0
665;7;214.0
670;7;214.0
675;7;214.0
680;7;214.0
685;7;214.0
690;7;214.0
695;7;214.0
700;7;214.0
705;7;214.0
710;7;214.0
715;7;214.0
720;7;214.0
725;7;214.0
730;7;214.0
735;7;214.0
740;7;214.0
745;7;214.0
750;7;214.0
755;7;214.0
760;7;214.0
765;7;214.0
770;7;214.0
775;7;214.0
780;7;214.0
785;7;214.0
790;7;214.0
795;7;214.0
800;7;214.0
805;7;214.0
810;7;214.0
815;7;214.0
820;7;214.0
825;7;214.0
830;7;214.0
835;7;214.0
840;7;214.0
845;7;214.0
850;7;214.0
855;7;214.0
860;7;214.0
865;7;214.0
870;7;214.0
875;7;214.0
880;7;214.0
885;7;214.0
890;7;214.0
895;7;214.0
900;7;214.0
905;7;214.0
910;7;214.0
915;7;214.0
920;7;214.0
925;7;214.0
930;7;214.0
935;7;214.0
940;7;214.0
945;7;214.0
950;7;214.0
955;7;214.0
960;7;214.0
965;7;214.0
970;7;214.0
975;7;214.0
980;7;214.0
985;7;214.0
990;7;214.0
995;7;214.0
1000;7;214.0

5;8;289.0
10;8;255.4
15;8;242.4
20;8;225.0
25;8;198.7
30;8;198.7
35;8;198.7
40;8;198.7
45;8;198.7
50;8;198.7
55;8;198.7
60;8;198.7
65;8;198.7
70;8;198.7
75;8;198.7
80;8;198.7
85;8;198.7
90;8;198.7
95;8;198.7
100;8;198.7
105;8;198.7
110;8;198.7
115;8;198.7
120;8;198.7
125;8;198.7
130;8;198.7
135;8;198.7
140;8;198.7
145;8;198.7
150;8;198.7
155;8;198.7
160;8;198.7
165;8;198.7
170;8;198.7
175;8;198.7
180;8;198.7
185;8;198.7
190;8;198.7
195;8;198.7
200;8;198.7
205;8;198.7
210;8;198.7
215;8;198.7
220;8;198.7
225;8;198.7
230;8;198.7
235;8;198.7
240;8;198.7
245;8;198.7
250;8;198.7
255;8;198.7
260;8;198.7
265;8;198.7
270;8;198.7
275;8;198.7
280;8;198.7
285;8;198.7
290;8;198.7
295;8;198.7
300;8;198.7
305;8;198.7
310;8;198.7
315;8;198.7
320;8;198.7
325;8;198.7
330;8;198.7
335;8;198.7
340;8;198.7
345;8;198.7
350;8;198.7
355;8;198.7
360;8;198.7
365;8;198.7
370;8;198.7
375;8;198.7
380;8;198.7
385;8;198.7
390;8;198.7
395;8;198.7
400;8;198.7
405;8;198.7
410;8;198.7
415;8;198.7
420;8;198.7
425;8;198.7
430;8;198.7
435;8;198.7
440;8;198.7
445;8;198.7
450;8;198.7
455;8;198.7
460;8;198.7
465;8;198.7
470;8;198.7
475;8;198.7
480;8;198.7
485;8;198.7
490;8;198.7
495;8;198.7
500;8;198.7
505;8;198.7
510;8;198.7
515;8;198.7
520;8;198.7
525;8;198.7
530;8;198.7
535;8;198.7
540;8;198.7
545;8;198.7
550;8;198.7
555;8;198.7
560;8;198.7
565;8;198.7
570;8;198.7
575;8;198.7
580;8;198.7
585;8;198.7
590;8;198.7
595;8;198.7
600;8;198.7
605;8;198.7
610;8;198.7
615;8;198.7
620;8;198.7
625;8;198.7
630;8;198.7
635;8;198.7
640;8;198.7
645;8;198.7
650;8;198.7
655;8;198.7
660;8;198.7
665;8;198.7
670;8;198.7
675;8;198.7
680;8;198.7
685;8;198.7
690;8;198.7
695;8;198.7
700;8;198.7
705;8;198.7
710;8;198.7
715;8;198.7
720;8;198.7
725;8;198.7
730;8;198.7
735;8;198.7
740;8;198.7
745;8;198.7
750;8;198.7
755;8;198.7
760;8;198.7
765;8;198.7
770;8;198.7
775;8;198.7
780;8;198.7
785;8;198.7
790;8;198.7
795;8;198.7
800;8;198.7
805;8;198.7
810;8;198.7
815;8;198.7
820;8;198.7
825;8;198.7
830;8;198.7
835;8;198.7
840;8;198.7
845;8;198.7
850;8;198.7
855;8;198.7
860;8;198.7
865;8;198.7
870;8;198.7
875;8;198.7
880;8;198.7
885;8;198.7
890;8;198.7
895;8;198.7
900;8;198.7
905;8;198.7
910;8;198.7
915;8;198.7
920;8;198.7
925;8;198.7
930;8;198.7
935;8;198.7
940;8;198.7
945;8;198.7
950;8;198.7
955;8;198.7
960;8;198.7
965;8;198.7
970;8;198.7
975;8;198.7
980;8;198.7
985;8;198.7
990;8;198.7
995;8;198.7
1000;8;198.7

5;9;295.1
10;9;295.1
15;9;283.4
20;9;283.4
25;9;274.1
30;9;274.1
35;9;274.1
40;9;274.1
45;9;274.1
50;9;274.1
55;9;274.1
60;9;274.1
65;9;274.1
70;9;261.8
75;9;261.8
80;9;253.8
85;9;253.8
90;9;253.8
95;9;253.8
100;9;228.0
105;9;228.0
110;9;228.0
115;9;228.0
120;9;228.0
125;9;228.0
130;9;228.0
135;9;228.0
140;9;224.7
145;9;224.7
150;9;224.7
155;9;224.7
160;9;224.7
165;9;224.7
170;9;224.7
175;9;224.6
180;9;224.6
185;9;224.6
190;9;218.2
195;9;218.2
200;9;210.9
205;9;210.9
210;9;210.9
215;9;210.9
220;9;210.9
225;9;210.9
230;9;210.9
235;9;210.9
240;9;210.9
245;9;210.9
250;9;210.9
255;9;210.9
260;9;210.9
265;9;210.9
270;9;210.9
275;9;210.9
280;9;210.9
285;9;210.9
290;9;210.9
295;9;210.9
300;9;210.9
305;9;210.9
310;9;210.9
315;9;210.9
320;9;210.9
325;9;210.9
330;9;210.9
335;9;210.9
340;9;210.9
345;9;210.9
350;9;210.9
355;9;210.9
360;9;210.9
365;9;210.9
370;9;210.9
375;9;210.9
380;9;210.9
385;9;210.9
390;9;210.9
395;9;210.9
400;9;210.9
405;9;210.9
410;9;210.9
415;9;210.9
420;9;210.9
425;9;210.9
430;9;210.9
435;9;210.9
440;9;210.9
445;9;210.9
450;9;210.9
455;9;210.9
460;9;210.9
465;9;210.9
470;9;210.9
475;9;210.9
480;9;210.9
485;9;210.9
490;9;210.9
495;9;210.9
500;9;210.9
505;9;210.9
510;9;210.9
515;9;210.9
520;9;210.9
525;9;210.9
530;9;210.9
535;9;210.9
540;9;210.9
545;9;210.9
550;9;210.9
555;9;210.9
560;9;210.9
565;9;210.9
570;9;210.9
575;9;210.9
580;9;210.9
585;9;210.9
590;9;210.9
595;9;210.9
600;9;210.9
605;9;210.9
610;9;210.9
615;9;210.9
620;9;210.9
625;9;210.9
630;9;210.9
635;9;210.9
640;9;210.9
645;9;210.9
650;9;210.9
655;9;210.9
660;9;210.9
665;9;210.9
670;9;210.9
675;9;210.9
680;9;210.9
685;9;210.9
690;9;210.9
695;9;210.9
700;9;210.9
705;9;210.9
710;9;210.9
715;9;210.9
720;9;210.9
725;9;210.9
730;9;210.9
735;9;210.9
740;9;210.9
745;9;210.9
750;9;210.9
755;9;210.9
760;9;210.9
765;9;210.9
770;9;210.9
775;9;210.9
780;9;210.9
785;9;210.9
790;9;210.9
795;9;210.9
800;9;210.9
805;9;210.9
810;9;210.9
815;9;210.9
820;9;210.9
825;9;210.9
830;9;210.9
835;9;210.9
840;9;210.9
845;9;210.9
850;9;210.9
855;9;210.9
860;9;210.9
865;9;210.9
870;9;210.9
875;9;210.9
880;9;210.9
885;9;210.9
890;9;210.9
895;9;210.9
900;9;210.9
905;9;210.9
910;9;210.9
915;9;210.9
920;9;210.9
925;9;210.9
930;9;210.9
935;9;210.9
940;9;210.9
945;9;210.9
950;9;210.9
955;9;210.9
960;9;210.9
965;9;210.9
970;9;210.9
975;9;210.9
980;9;210.9
985;9;210.9
990;9;210.9
995;9;210.9
1000;9;210.9

